<?xml version="1.0" encoding="UTF-8"?>
<!-- IMPORTANT: This is an internal file that has been generated
     by the Xilinx ISE software.  Any direct editing or
     changes made to this file may result in unpredictable
     behavior or data corruption.  It is strongly advised that
     users do not edit the contents of this file. -->
<DeviceUsageSummary rev="54">
<DesignStatistics TimeStamp="Fri Dec 10 22:12:25 2021"><group name="NetStatistics">
<item name="NumNets_Active" rev="5">
<attrib name="value" value="12"/></item>
<item name="NumNets_Vcc" rev="5">
<attrib name="value" value="1"/></item>
<item name="NumNodesOfType_Active_BOUNCEIN" rev="5">
<attrib name="value" value="2"/></item>
<item name="NumNodesOfType_Active_BUFGOUT" rev="5">
<attrib name="value" value="1"/></item>
<item name="NumNodesOfType_Active_BUFHINP2OUT" rev="5">
<attrib name="value" value="1"/></item>
<item name="NumNodesOfType_Active_CLKPIN" rev="5">
<attrib name="value" value="1"/></item>
<item name="NumNodesOfType_Active_CLKPINFEED" rev="5">
<attrib name="value" value="1"/></item>
<item name="NumNodesOfType_Active_CNTRLPIN" rev="5">
<attrib name="value" value="1"/></item>
<item name="NumNodesOfType_Active_DOUBLE" rev="5">
<attrib name="value" value="4"/></item>
<item name="NumNodesOfType_Active_GENERIC" rev="5">
<attrib name="value" value="5"/></item>
<item name="NumNodesOfType_Active_GLOBAL" rev="5">
<attrib name="value" value="8"/></item>
<item name="NumNodesOfType_Active_INPUT" rev="5">
<attrib name="value" value="1"/></item>
<item name="NumNodesOfType_Active_IOBIN2OUT" rev="5">
<attrib name="value" value="4"/></item>
<item name="NumNodesOfType_Active_IOBOUTPUT" rev="5">
<attrib name="value" value="4"/></item>
<item name="NumNodesOfType_Active_LUTINPUT" rev="5">
<attrib name="value" value="9"/></item>
<item name="NumNodesOfType_Active_OUTBOUND" rev="5">
<attrib name="value" value="5"/></item>
<item name="NumNodesOfType_Active_OUTPUT" rev="5">
<attrib name="value" value="6"/></item>
<item name="NumNodesOfType_Active_PADINPUT" rev="5">
<attrib name="value" value="4"/></item>
<item name="NumNodesOfType_Active_PADOUTPUT" rev="5">
<attrib name="value" value="1"/></item>
<item name="NumNodesOfType_Active_PINBOUNCE" rev="5">
<attrib name="value" value="3"/></item>
<item name="NumNodesOfType_Active_PINFEED" rev="5">
<attrib name="value" value="16"/></item>
<item name="NumNodesOfType_Active_SINGLE" rev="5">
<attrib name="value" value="5"/></item>
<item name="NumNodesOfType_Vcc_HVCCOUT" rev="5">
<attrib name="value" value="1"/></item>
<item name="NumNodesOfType_Vcc_LUTINPUT" rev="5">
<attrib name="value" value="1"/></item>
<item name="NumNodesOfType_Vcc_PINFEED" rev="5">
<attrib name="value" value="1"/></item>
</group>
<group name="SiteStatistics">
<item name="BUFG-BUFGMUX" rev="5">
<attrib name="value" value="1"/></item>
<item name="IOB-IOBM" rev="5">
<attrib name="value" value="3"/></item>
<item name="IOB-IOBS" rev="5">
<attrib name="value" value="2"/></item>
</group>
<group name="MiscellaneousStatistics">
<item name="AGG_BONDED_IO" rev="54">
<attrib name="value" value="19"/></item>
<item name="AGG_IO" rev="54">
<attrib name="value" value="19"/></item>
<item name="AGG_LOCED_IO" rev="54">
<attrib name="value" value="1"/></item>
<item name="AGG_SLICE" rev="54">
<attrib name="value" value="4"/></item>
<item name="NUM_BONDED_IOB" rev="54">
<attrib name="value" value="19"/></item>
<item name="NUM_BSFULL" rev="54">
<attrib name="value" value="10"/></item>
<item name="NUM_BSLUTONLY" rev="54">
<attrib name="value" value="4"/></item>
<item name="NUM_BSUSED" rev="54">
<attrib name="value" value="14"/></item>
<item name="NUM_BUFG" rev="54">
<attrib name="value" value="2"/></item>
<item name="NUM_IOB_FF" rev="54">
<attrib name="value" value="1"/></item>
<item name="NUM_LOCED_IOB" rev="54">
<attrib name="value" value="1"/></item>
<item name="NUM_LOGIC_O5ANDO6" rev="54">
<attrib name="value" value="1"/></item>
<item name="NUM_LOGIC_O5ONLY" rev="54">
<attrib name="value" value="6"/></item>
<item name="NUM_LOGIC_O6ONLY" rev="54">
<attrib name="value" value="6"/></item>
<item name="NUM_LUT_RT_DRIVES_CARRY4" rev="54">
<attrib name="value" value="1"/></item>
<item name="NUM_LUT_RT_EXO6" rev="54">
<attrib name="value" value="1"/></item>
<item name="NUM_LUT_RT_O6" rev="54">
<attrib name="value" value="6"/></item>
<item name="NUM_OLOGIC2" rev="54">
<attrib name="value" value="1"/></item>
<item name="NUM_SLICEL" rev="54">
<attrib name="value" value="2"/></item>
<item name="NUM_SLICEX" rev="54">
<attrib name="value" value="2"/></item>
<item name="NUM_SLICE_CARRY4" rev="54">
<attrib name="value" value="2"/></item>
<item name="NUM_SLICE_CONTROLSET" rev="54">
<attrib name="value" value="2"/></item>
<item name="NUM_SLICE_CYINIT" rev="54">
<attrib name="value" value="22"/></item>
<item name="NUM_SLICE_FF" rev="54">
<attrib name="value" value="10"/></item>
<item name="NUM_SLICE_UNUSEDCTRL" rev="54">
<attrib name="value" value="1"/></item>
<item name="NUM_UNUSABLE_FF_BELS" rev="54">
<attrib name="value" value="6"/></item>
</group>
</DesignStatistics>
<ReportConfigData TimeStamp="Wed Dec 01 00:05:09 2021"><group name="REG_SR">
<item name="CK" rev="5">
<attrib name="CK" value="3"/><attrib name="CK_INV" value="0"/></item>
<item name="LATCH_OR_FF" rev="5">
<attrib name="FF" value="3"/></item>
<item name="SRINIT" rev="5">
<attrib name="SRINIT0" value="3"/></item>
<item name="SYNC_ATTR" rev="5">
<attrib name="ASYNC" value="3"/></item>
</group>
<group name="IOB_OUTBUF">
<item name="DRIVEATTRBOX" rev="5">
<attrib name="12" value="4"/></item>
<item name="SLEW" rev="5">
<attrib name="SLOW" value="4"/></item>
<item name="SUSPEND" rev="5">
<attrib name="3STATE" value="4"/></item>
</group>
<group name="SLICEX">
<item name="CLK" rev="5">
<attrib name="CLK" value="1"/><attrib name="CLK_INV" value="0"/></item>
</group>
<group name="FF_SR">
<item name="CK" rev="5">
<attrib name="CK" value="1"/><attrib name="CK_INV" value="0"/></item>
<item name="SRINIT" rev="5">
<attrib name="SRINIT0" value="1"/></item>
<item name="SYNC_ATTR" rev="5">
<attrib name="ASYNC" value="1"/></item>
</group>
</ReportConfigData>
<ReportPinData TimeStamp="Wed Dec 01 00:05:09 2021"><group name="REG_SR">
<item name="CK" rev="5">
<attrib name="value" value="3"/></item>
<item name="D" rev="5">
<attrib name="value" value="3"/></item>
<item name="Q" rev="5">
<attrib name="value" value="3"/></item>
<item name="SR" rev="5">
<attrib name="value" value="3"/></item>
</group>
<group name="IOB_OUTBUF">
<item name="IN" rev="5">
<attrib name="value" value="4"/></item>
<item name="OUT" rev="5">
<attrib name="value" value="4"/></item>
</group>
<group name="SLICEX">
<item name="A2" rev="5">
<attrib name="value" value="1"/></item>
<item name="A3" rev="5">
<attrib name="value" value="1"/></item>
<item name="A4" rev="5">
<attrib name="value" value="1"/></item>
<item name="A5" rev="5">
<attrib name="value" value="1"/></item>
<item name="A6" rev="5">
<attrib name="value" value="1"/></item>
<item name="AMUX" rev="5">
<attrib name="value" value="1"/></item>
<item name="AQ" rev="5">
<attrib name="value" value="1"/></item>
<item name="B4" rev="5">
<attrib name="value" value="1"/></item>
<item name="BQ" rev="5">
<attrib name="value" value="1"/></item>
<item name="C4" rev="5">
<attrib name="value" value="1"/></item>
<item name="C6" rev="5">
<attrib name="value" value="1"/></item>
<item name="CLK" rev="5">
<attrib name="value" value="1"/></item>
<item name="CQ" rev="5">
<attrib name="value" value="1"/></item>
<item name="D" rev="5">
<attrib name="value" value="1"/></item>
<item name="D5" rev="5">
<attrib name="value" value="1"/></item>
<item name="D6" rev="5">
<attrib name="value" value="1"/></item>
<item name="SR" rev="5">
<attrib name="value" value="1"/></item>
</group>
<group name="BUFG_BUFG">
<item name="I0" rev="5">
<attrib name="value" value="1"/></item>
<item name="O" rev="5">
<attrib name="value" value="1"/></item>
</group>
<group name="PAD">
<item name="PAD" rev="5">
<attrib name="value" value="5"/></item>
</group>
<group name="IOB_INBUF">
<item name="OUT" rev="5">
<attrib name="value" value="1"/></item>
<item name="PAD" rev="5">
<attrib name="value" value="1"/></item>
</group>
<group name="LUT5">
<item name="A2" rev="5">
<attrib name="value" value="1"/></item>
<item name="A3" rev="5">
<attrib name="value" value="1"/></item>
<item name="A5" rev="5">
<attrib name="value" value="1"/></item>
<item name="O5" rev="5">
<attrib name="value" value="1"/></item>
</group>
<group name="LUT6">
<item name="A2" rev="5">
<attrib name="value" value="1"/></item>
<item name="A3" rev="5">
<attrib name="value" value="1"/></item>
<item name="A4" rev="5">
<attrib name="value" value="3"/></item>
<item name="A5" rev="5">
<attrib name="value" value="2"/></item>
<item name="A6" rev="5">
<attrib name="value" value="3"/></item>
<item name="O6" rev="5">
<attrib name="value" value="4"/></item>
</group>
<group name="IOB_IMUX">
<item name="I" rev="5">
<attrib name="value" value="1"/></item>
<item name="OUT" rev="5">
<attrib name="value" value="1"/></item>
</group>
<group name="IOB">
<item name="I" rev="5">
<attrib name="value" value="1"/></item>
<item name="O" rev="5">
<attrib name="value" value="4"/></item>
<item name="PAD" rev="5">
<attrib name="value" value="5"/></item>
</group>
<group name="FF_SR">
<item name="CK" rev="5">
<attrib name="value" value="1"/></item>
<item name="D" rev="5">
<attrib name="value" value="1"/></item>
<item name="Q" rev="5">
<attrib name="value" value="1"/></item>
<item name="SR" rev="5">
<attrib name="value" value="1"/></item>
</group>
<group name="BUFG">
<item name="I0" rev="5">
<attrib name="value" value="1"/></item>
<item name="O" rev="5">
<attrib name="value" value="1"/></item>
</group>
</ReportPinData>
<CmdHistory>
</CmdHistory>
</DeviceUsageSummary>
