<?xml version="1.0"?>
<Interface Version="1" Minor="1">
	<Ifc Id="ROOT" Top="1">
		<Bus Id="SD1">
			<Port Id="3" Dir="IN"/>
			<Port Id="2" Dir="IN"/>
			<Port Id="1" Dir="IN"/>
			<Port Id="0" Dir="IN"/>
		</Bus>
		<Bus Id="SD2">
			<Port Id="3" Dir="IN"/>
			<Port Id="2" Dir="IN"/>
			<Port Id="1" Dir="IN"/>
			<Port Id="0" Dir="IN"/>
		</Bus>
		<Bus Id="SD3">
			<Port Id="3" Dir="IN"/>
			<Port Id="2" Dir="IN"/>
			<Port Id="1" Dir="IN"/>
			<Port Id="0" Dir="IN"/>
		</Bus>
		<Bus Id="SD4">
			<Port Id="3" Dir="IN"/>
			<Port Id="2" Dir="IN"/>
			<Port Id="1" Dir="IN"/>
			<Port Id="0" Dir="IN"/>
		</Bus>
		<Port Id="BTN_0" Dir="IN"/>
		<Port Id="BTN_1" Dir="IN"/>
		<Port Id="A" Dir="OUT"/>
		<Port Id="B" Dir="OUT"/>
		<Port Id="C" Dir="OUT"/>
		<Port Id="D" Dir="OUT"/>
		<Port Id="DIG1" Dir="OUT"/>
		<Port Id="DIG2" Dir="OUT"/>
		<Port Id="DIG3" Dir="OUT"/>
		<Port Id="DIG4" Dir="OUT"/>
		<Port Id="E" Dir="OUT"/>
		<Port Id="F" Dir="OUT"/>
		<Port Id="G" Dir="OUT"/>
	</Ifc>
</Interface>

